1;2022.06.22 00:00;8;11.3125;8.375;6.5;1556;202;0;
2;2022.06.22 00:15;8;11.25;8.25;6.375;1557;202;0;
3;2022.06.22 00:30;8;11.25;8.125;6.25;1557;202;0;
4;2022.06.22 00:45;8;11.1875;8;6.1875;1558;202;0;
5;2022.06.22 01:00;8;11.125;8.0625;6.375;1558;202;0;
6;2022.06.22 01:15;8;11.125;8.25;6.75;1559;202;0;
7;2022.06.22 01:30;8;11.0625;8.375;6.9375;1560;202;0;
8;2022.06.22 01:45;8;11;8.5;7.375;1560;202;0;
9;2022.06.22 02:00;8;11;8.6875;7.6875;1561;202;0;
10;2022.06.22 02:15;8;11;8.75;7.875;1562;202;0;
11;2022.06.22 02:30;8;10.9375;9;8.3125;1562;202;0;
12;2022.06.22 02:45;8;10.875;9.3125;9.1875;1563;202;0;
13;2022.06.22 03:00;8;10.875;9.625;9.6875;1563;202;0;
14;2022.06.22 03:15;8;10.875;9.9375;10.375;1564;202;0;
15;2022.06.22 03:30;8;10.875;10.25;10.875;1564;202;0;
16;2022.06.22 03:45;8;10.8125;10.6875;11.625;1564;202;0;
17;2022.06.22 04:00;8;10.8125;11.25;12.4375;1565;202;0;
18;2022.06.22 04:15;8;10.8125;11.5;12.875;1565;202;0;
19;2022.06.22 04:30;8;10.8125;11.6875;13;1565;202;0;
20;2022.06.22 04:45;8;10.8125;11.875;13.125;1564;202;0;
21;2022.06.22 05:00;8;10.8125;12.1875;13.875;1564;202;0;
22;2022.06.22 05:15;8;10.875;12.75;14.875;1564;202;0;
23;2022.06.22 05:30;8;10.875;13.5;16;1564;202;0;
24;2022.06.22 05:45;8;10.875;14.125;17;1564;202;0;
25;2022.06.22 06:00;8;10.875;14.5;17.1875;1564;202;0;
26;2022.06.22 06:15;8;10.9375;14.625;17.1875;1563;202;0;
27;2022.06.22 06:30;8;11;15;17.6875;1562;202;0;
28;2022.06.22 06:45;8;11;15.25;18;1561;202;0;
29;2022.06.22 07:00;8;11;15.5;18.375;1560;202;0;
30;2022.06.22 07:15;8;11.125;15.6875;18.625;1559;202;0;
31;2022.06.22 07:30;8;11.125;16;19.125;1558;202;0;
32;2022.06.22 07:45;8;11.125;16.4375;20;1557;202;0;
33;2022.06.22 08:00;8;11.25;17.125;21.125;1556;202;0;
34;2022.06.22 08:15;8;11.25;17.125;20.625;1556;202;0;
35;2022.06.22 08:30;8;11.3125;17.125;20.5;1555;202;0;
36;2022.06.22 08:45;8;11.375;17.375;21.5;1554;202;0;
37;2022.06.22 09:00;8;11.375;18.25;21.75;1555;202;0;
38;2022.06.22 09:15;8;11.4375;18.4375;22.3125;1554;202;0;
39;2022.06.22 09:30;8;11.5;18.875;23.625;1554;202;0;
40;2022.06.22 09:45;8;11.5;20.125;24.875;1555;202;0;
41;2022.06.22 10:00;8;11.5625;21.9375;26.4375;1557;202;0;
42;2022.06.22 10:15;8;11.625;22.25;26.125;1557;202;0;
43;2022.06.22 10:30;8;11.6875;20;20.75;1555;202;0;
44;2022.06.22 10:45;8;11.75;18.25;18.625;1553;202;0;
45;2022.06.22 11:00;8;11.875;18.125;20.25;1551;202;0;
46;2022.06.22 11:15;8;11.875;19.4375;22.875;1552;202;0;
47;2022.06.22 11:30;8;11.875;20.125;23.625;1553;202;0;
48;2022.06.22 11:45;8;11.9375;21.5;25.75;1554;202;0;
49;2022.06.22 12:00;8;12;22.0625;26.125;1555;202;0;
50;2022.06.22 12:15;8;12.0625;24.0625;28.3125;1557;202;0;
51;2022.06.22 12:30;8;12.125;23.875;27;1557;202;0;
52;2022.06.22 12:45;8;12.1875;25;28.75;1558;202;0;
53;2022.06.22 13:00;8;12.25;26;28.875;1558;202;0;
54;2022.06.22 13:15;8;12.375;27.125;29.3125;1560;202;0;
55;2022.06.22 13:30;8;12.5;28.5625;30.5625;1563;202;0;
56;2022.06.22 13:45;8;12.5625;27.875;28.375;1561;202;0;
57;2022.06.22 14:00;8;12.6875;25.75;25.25;1559;202;0;
58;2022.06.22 14:15;8;12.75;23.5;23.875;1556;202;0;
59;2022.06.22 14:30;8;12.875;22.4375;23.4375;1554;202;0;
60;2022.06.22 14:45;8;12.875;21.25;22.8125;1553;202;0;
61;2022.06.22 15:00;8;12.9375;21;22.875;1552;202;0;
62;2022.06.22 15:15;8;13;20;21.125;1551;202;0;
63;2022.06.22 15:30;8;13;18.9375;19.75;1550;202;0;
64;2022.06.22 15:45;8;13;18.6875;20.1875;1547;202;0;
65;2022.06.22 16:00;8;13;18.25;19.5;1547;202;0;
66;2022.06.22 16:15;8;12.9375;18.125;19.8125;1545;202;0;
67;2022.06.22 16:30;8;12.875;18.125;20.375;1545;202;0;
68;2022.06.22 16:45;8;12.875;17.625;19.75;1544;202;0;
69;2022.06.22 17:00;8;12.875;16.8125;18.0625;1544;202;0;
70;2022.06.22 17:15;8;12.8125;16.125;17;1542;202;0;
71;2022.06.22 17:30;8;12.8125;16;17.3125;1541;202;0;
72;2022.06.22 17:45;8;12.75;15.75;16.75;1541;202;0;
73;2022.06.22 18:00;8;12.75;15.5;16.5;1541;202;0;
74;2022.06.22 18:15;8;12.625;15.25;16.25;1541;202;0;
75;2022.06.22 18:30;8;12.625;15;15.75;1540;202;0;
76;2022.06.22 18:45;8;12.625;14.6875;15.375;1540;202;0;
77;2022.06.22 19:00;8;12.5;14.4375;15.0625;1540;202;0;
78;2022.06.22 19:15;8;12.5;14.25;14.9375;1540;202;0;
79;2022.06.22 19:30;8;12.5;14.125;14.75;1540;202;0;
80;2022.06.22 19:45;8;12.4375;13.875;14.5;1540;202;0;
81;2022.06.22 20:00;8;12.375;13.75;14.375;1540;202;0;
82;2022.06.22 20:15;8;12.375;13.5625;14.3125;1539;202;0;
83;2022.06.22 20:30;8;12.3125;13.375;14;1539;202;0;
84;2022.06.22 20:45;8;12.25;13.25;13.75;1539;202;0;
85;2022.06.22 21:00;8;12.25;13.0625;13.625;1539;202;0;
86;2022.06.22 21:15;8;12.25;12.875;13.375;1539;202;0;
87;2022.06.22 21:30;8;12.1875;12.75;13.25;1539;202;0;
88;2022.06.22 21:45;8;12.125;12.75;13.25;1539;202;0;
89;2022.06.22 22:00;8;12.125;12.6875;13.25;1539;202;0;
90;2022.06.22 22:15;8;12.0625;12.625;13.0625;1539;202;0;
91;2022.06.22 22:30;8;12;12.25;12.5;1539;202;0;
92;2022.06.22 22:45;8;12;12.125;12.375;1538;202;0;
93;2022.06.22 23:00;8;12;12.25;13;1538;202;0;
94;2022.06.22 23:15;8;11.9375;12.3125;13;1538;202;0;
95;2022.06.22 23:30;8;11.875;12.125;12.4375;1537;202;0;
96;2022.06.22 23:45;8;11.875;11.5625;11.25;1537;202;0;
97;2022.06.23 00:00;8;11.875;11.0625;10.375;1536;202;0;
98;2022.06.23 00:15;8;11.8125;10.875;10.125;1536;202;0;
99;2022.06.23 00:30;8;11.75;10.5625;9.75;1536;202;0;
100;2022.06.23 00:45;8;11.75;10.25;9.25;1536;202;0;
101;2022.06.23 01:00;8;11.75;10.0625;9;1536;202;0;
102;2022.06.23 01:15;8;11.6875;9.875;8.8125;1536;202;0;
103;2022.06.23 01:30;8;11.625;9.75;8.8125;1536;202;0;
104;2022.06.23 01:45;8;11.625;9.6875;8.75;1536;202;0;
105;2022.06.23 02:00;8;11.5625;9.625;8.75;1536;202;0;
106;2022.06.23 02:15;8;11.5;9.625;8.875;1537;202;0;
107;2022.06.23 02:30;8;11.5;9.6875;9.25;1537;202;0;
108;2022.06.23 02:45;8;11.5;9.8125;9.625;1537;202;0;
109;2022.06.23 03:00;8;11.4375;10;10.125;1538;202;0;
110;2022.06.23 03:15;8;11.375;10.375;11.0625;1538;202;0;
111;2022.06.23 03:30;8;11.375;10.875;12;1539;202;0;
112;2022.06.23 03:45;8;11.375;11.375;12.75;1540;202;0;
113;2022.06.23 04:00;8;11.3125;11.6875;13.25;1540;202;0;
114;2022.06.23 04:15;8;11.3125;11.9375;13.5;1540;202;0;
115;2022.06.23 04:30;8;11.25;12.25;14;1540;202;0;
116;2022.06.23 04:45;8;11.3125;12.875;15.1875;1540;202;0;
117;2022.06.23 05:00;8;11.3125;13.1875;15.125;1540;202;0;
118;2022.06.23 05:15;8;11.3125;13.375;15.4375;1540;202;0;
119;2022.06.23 05:30;8;11.3125;13.625;15.875;1539;202;0;
120;2022.06.23 05:45;8;11.375;14;16.25;1539;202;0;
121;2022.06.23 06:00;8;11.375;14.5;17.25;1539;202;0;
122;2022.06.23 06:15;8;11.375;14.9375;18.25;1539;202;0;
123;2022.06.23 06:30;8;11.375;15.375;18.5;1539;202;0;
124;2022.06.23 06:45;8;11.375;16;19.125;1539;202;0;
125;2022.06.23 07:00;8;11.4375;16.4375;19.125;1539;202;0;
126;2022.06.23 07:15;8;11.5;16.375;18.5;1538;202;0;
127;2022.06.23 07:30;8;11.5;16.625;19;1538;202;0;
128;2022.06.23 07:45;8;11.5625;16.9375;19.5;1538;202;0;
129;2022.06.23 08:00;8;11.625;17.1875;19.625;1538;202;0;
130;2022.06.23 08:15;8;11.625;17.375;20;1538;202;0;
131;2022.06.23 08:30;8;11.6875;17.875;20.875;1539;202;0;
132;2022.06.23 08:45;8;11.75;18.25;21;1539;202;0;
133;2022.06.23 09:00;8;11.75;18.3125;20.75;1539;202;0;
134;2022.06.23 09:15;8;11.8125;18.8125;21.8125;1539;202;0;
135;2022.06.23 09:30;8;11.875;18.625;21;1539;202;0;
136;2022.06.23 09:45;8;11.875;19.3125;22.25;1539;202;0;
137;2022.06.23 10:00;8;12;20.875;24.5;1541;202;0;
138;2022.06.23 10:15;8;12;21.75;25;1542;202;0;
139;2022.06.23 10:30;8;12.125;23.5;26.125;1544;202;0;
140;2022.06.23 10:45;8;12.125;22.3125;23.625;1543;202;0;
141;2022.06.23 11:00;8;12.25;21.8125;23.875;1542;202;0;
142;2022.06.23 11:15;8;12.3125;22.5;24.5625;1543;202;0;
143;2022.06.23 11:30;8;12.375;20.875;21.25;1541;202;0;
144;2022.06.23 11:45;8;12.5;19.875;21;1540;202;0;
145;2022.06.23 12:00;8;12.5;20.375;23.125;1539;202;0;
146;2022.06.23 12:15;8;12.5;21.25;23.75;1541;202;0;
147;2022.06.23 12:30;8;12.625;22.125;25.125;1541;202;0;
148;2022.06.23 12:45;8;12.625;23.5;27.5;1543;202;0;
149;2022.06.23 13:00;8;12.6875;22.8125;24.375;1543;202;0;
150;2022.06.23 13:15;8;12.75;22.25;24.125;1542;202;0;
151;2022.06.23 13:30;8;12.75;21.5;22.5;1542;202;0;
152;2022.06.23 13:45;8;12.8125;20.5;21.5;1540;202;0;
153;2022.06.23 14:00;8;12.875;20;21.625;1541;202;0;
154;2022.06.23 14:15;8;12.875;20.125;22.25;1540;202;0;
155;2022.06.23 14:30;8;12.875;20.875;23.9375;1540;202;0;
156;2022.06.23 14:45;8;12.9375;20.5625;22.875;1540;202;0;
157;2022.06.23 15:00;8;12.9375;20.125;22.125;1539;202;0;
158;2022.06.23 15:15;8;12.9375;20;22.25;1539;202;0;
159;2022.06.23 15:30;8;13;19.5;21.25;1539;202;0;
160;2022.06.23 15:45;8;13;19.1875;21.25;1538;202;0;
161;2022.06.23 16:00;8;13;19.125;21.625;1538;202;0;
162;2022.06.23 16:15;8;13;18.625;20.6875;1537;202;0;
163;2022.06.23 16:30;8;13;18;20.125;1537;202;0;
164;2022.06.23 16:45;8;13;17.5;19.125;1536;202;0;
165;2022.06.23 17:00;8;13;16.875;18.6875;1535;202;0;
166;2022.06.23 17:15;8;12.9375;17.125;19.625;1535;202;0;
167;2022.06.23 17:30;8;12.875;16.875;19;1535;202;0;
168;2022.06.23 17:45;8;12.875;16.75;18.8125;1535;202;0;
169;2022.06.23 18:00;8;12.875;16.4375;18.125;1535;202;0;
170;2022.06.23 18:15;8;12.875;15.875;17.125;1534;202;0;
171;2022.06.23 18:30;8;12.8125;15.375;16.5;1533;202;0;
172;2022.06.23 18:45;8;12.75;15;16.0625;1533;202;0;
173;2022.06.23 19:00;8;12.75;14.625;15.5;1532;202;0;
174;2022.06.23 19:15;8;12.6875;14.125;14.5;1531;202;0;
175;2022.06.23 19:30;8;12.625;13.625;13.75;1531;202;0;
176;2022.06.23 19:45;8;12.625;13.25;13.125;1529;202;0;
177;2022.06.23 20:00;8;12.625;12.9375;12.875;1528;202;0;
178;2022.06.23 20:15;8;12.5625;12.625;12.5625;1528;202;0;
179;2022.06.23 20:30;8;12.5;12.5;12.625;1528;202;0;
180;2022.06.23 20:45;8;12.5;12.25;12.25;1528;202;0;
181;2022.06.23 21:00;8;12.4375;12.125;12.125;1528;202;0;
182;2022.06.23 21:15;8;12.375;11.9375;11.875;1528;202;0;
183;2022.06.23 21:30;8;12.375;11.6875;11.3125;1528;202;0;
184;2022.06.23 21:45;8;12.25;11.5;11.375;1528;202;0;
185;2022.06.23 22:00;8;12.25;11.4375;11.5;1528;202;0;
186;2022.06.23 22:15;8;12.25;11.5;11.8125;1528;202;0;
187;2022.06.23 22:30;8;12.125;11.625;12.1875;1530;202;0;
188;2022.06.23 22:45;8;12.125;11.75;12.125;1531;202;0;
189;2022.06.23 23:00;8;12.125;11.625;11.875;1531;202;0;
190;2022.06.23 23:15;8;12.0625;11.75;12;1531;202;0;
191;2022.06.23 23:30;8;12;11.625;11.9375;1530;202;0;
192;2022.06.23 23:45;8;12;11.75;12.125;1530;202;0;
193;2022.06.24 00:00;8;12;11.75;12.125;1530;202;0;
194;2022.06.24 00:15;8;11.9375;11.625;11.875;1530;202;0;
195;2022.06.24 00:30;8;11.875;11.375;11.25;1530;202;0;
196;2022.06.24 00:45;8;11.875;11.1875;11.125;1530;202;0;
197;2022.06.24 01:00;8;11.875;11.5;11.9375;1530;202;0;
198;2022.06.24 01:15;8;11.875;11.8125;12.4375;1530;202;0;
199;2022.06.24 01:30;8;11.8125;12.0625;12.625;1531;202;0;
200;2022.06.24 01:45;8;11.75;12.25;12.75;1531;202;0;
201;2022.06.24 02:00;8;11.75;12.3125;12.875;1531;202;0;
202;2022.06.24 02:15;8;11.75;12.4375;13;1531;202;0;
203;2022.06.24 02:30;8;11.75;12.5625;13.125;1530;202;0;
204;2022.06.24 02:45;8;11.75;12.75;13.375;1530;202;0;
205;2022.06.24 03:00;8;11.75;12.875;13.5625;1530;202;0;
206;2022.06.24 03:15;8;11.75;13;13.8125;1530;202;0;
207;2022.06.24 03:30;8;11.75;13.1875;14;1530;202;0;
208;2022.06.24 03:45;8;11.75;13.375;14.125;1530;202;0;
209;2022.06.24 04:00;8;11.75;13.5;14.375;1530;202;0;
210;2022.06.24 04:15;8;11.75;13.75;14.8125;1531;202;0;
211;2022.06.24 04:30;8;11.75;14;15.25;1531;202;0;
212;2022.06.24 04:45;8;11.75;14.25;15.5;1531;202;0;
213;2022.06.24 05:00;8;11.75;14.375;15.5625;1531;202;0;
214;2022.06.24 05:15;8;11.75;14.5;15.875;1531;202;0;
215;2022.06.24 05:30;8;11.8125;14.75;16.375;1531;202;0;
216;2022.06.24 05:45;8;11.8125;14.625;16;1530;202;0;
217;2022.06.24 06:00;8;11.875;14.625;16.1875;1530;202;0;
218;2022.06.24 06:15;8;11.875;15.25;18.625;1530;202;0;
219;2022.06.24 06:30;8;11.875;15.9375;20.1875;1531;202;0;
220;2022.06.24 06:45;8;11.875;16.375;19.75;1532;202;0;
221;2022.06.24 07:00;8;11.875;16.375;19.25;1531;202;0;
222;2022.06.24 07:15;8;11.9375;16.625;19.875;1531;202;0;
223;2022.06.24 07:30;8;12;16.9375;20.375;1531;202;0;
224;2022.06.24 07:45;8;12;17.125;20.625;1531;202;0;
225;2022.06.24 08:00;8;12;17.375;21.125;1531;202;0;
226;2022.06.24 08:15;8;12.0625;17.75;21.9375;1531;202;0;
227;2022.06.24 08:30;8;12.125;18.375;22.625;1532;202;0;
228;2022.06.24 08:45;8;12.125;18.75;23.25;1532;202;0;
229;2022.06.24 09:00;8;12.125;20;24.25;1533;202;0;
230;2022.06.24 09:15;8;12.1875;20.25;24.375;1534;202;0;
231;2022.06.24 09:30;8;12.25;20.375;25;1533;202;0;
232;2022.06.24 09:45;8;12.25;22;27.3125;1534;202;0;
233;2022.06.24 10:00;8;12.375;24;29.125;1537;202;0;
234;2022.06.24 10:15;8;12.375;27.5;32;1541;202;0;
235;2022.06.24 10:30;8;12.5;28.5;31.375;1543;202;0;
236;2022.06.24 10:45;8;12.625;25.5;27.8125;1540;202;0;
237;2022.06.24 11:00;8;12.75;24.875;28.9375;1538;202;0;
238;2022.06.24 11:15;8;12.875;28.25;32.875;1541;202;0;
239;2022.06.24 11:30;8;13;30.375;35;1544;202;0;
240;2022.06.24 11:45;8;13.0625;30.375;35.125;1544;202;0;
241;2022.06.24 12:00;8;13.1875;30.25;34.3125;1544;202;0;
242;2022.06.24 12:15;8;13.3125;30.8125;34.25;1544;202;0;
243;2022.06.24 12:30;8;13.4375;31.75;34.5;1545;202;0;
244;2022.06.24 12:45;8;13.625;31.375;34.75;1545;202;0;
245;2022.06.24 13:00;8;13.6875;32.5;36;1546;202;0;
246;2022.06.24 13:15;8;13.8125;34.625;36.5;1548;202;0;
247;2022.06.24 13:30;8;13.9375;35.375;36.5;1549;202;0;
248;2022.06.24 13:45;8;14.125;35.75;36.875;1550;202;0;
249;2022.06.24 14:00;8;14.25;35.125;35.1875;1549;202;0;
250;2022.06.24 14:15;8;14.375;31.8125;31.9375;1541;202;0;
251;2022.06.24 14:30;8;14.4375;28.625;28.875;1536;202;0;
252;2022.06.24 14:45;8;14.5;26.25;27.1875;1532;202;0;
253;2022.06.24 15:00;8;14.5625;24.5;26;1528;202;0;
254;2022.06.24 15:15;8;14.5625;23.9375;26.1875;1527;202;0;
255;2022.06.24 15:30;8;14.5;23.125;25.5;1525;202;0;
256;2022.06.24 15:45;8;14.5;22.5625;25.25;1524;202;0;
257;2022.06.24 16:00;8;14.5;22.125;25;1523;202;0;
258;2022.06.24 16:15;8;14.4375;21.625;24.25;1523;202;0;
259;2022.06.24 16:30;8;14.375;21.0625;23.625;1522;202;0;
260;2022.06.24 16:45;8;14.375;20.625;23.5;1520;202;0;
261;2022.06.24 17:00;8;14.3125;20.5;24.1875;1519;202;0;
262;2022.06.24 17:15;8;14.25;20.1875;23.125;1519;202;0;
263;2022.06.24 17:30;8;14.25;19.625;22.125;1519;202;0;
264;2022.06.24 17:45;8;14.125;19.125;21.375;1518;202;0;
265;2022.06.24 18:00;8;14.125;18.6875;20.75;1518;202;0;
266;2022.06.24 18:15;8;14.125;18.25;20.25;1517;202;0;
267;2022.06.24 18:30;8;14;17.75;19.375;1517;202;0;
268;2022.06.24 18:45;8;14;17.25;18.5;1516;202;0;
269;2022.06.24 19:00;8;13.9375;16.8125;18;1515;202;0;
270;2022.06.24 19:15;8;13.875;16.375;17.125;1514;202;0;
271;2022.06.24 19:30;8;13.8125;15.875;16.5;1513;202;0;
272;2022.06.24 19:45;8;13.75;15.5;16.125;1513;202;0;
273;2022.06.24 20:00;8;13.6875;15.125;15.5;1512;202;0;
274;2022.06.24 20:15;8;13.625;14.75;14.9375;1512;202;0;
275;2022.06.24 20:30;8;13.625;14.4375;14.5;1512;202;0;
276;2022.06.24 20:45;8;13.5;14.125;14.0625;1512;202;0;
277;2022.06.24 21:00;8;13.5;13.875;13.75;1511;202;0;
278;2022.06.24 21:15;8;13.4375;13.625;13.375;1511;202;0;
279;2022.06.24 21:30;8;13.375;13.375;13.125;1511;202;0;
280;2022.06.24 21:45;8;13.375;13.125;12.9375;1511;202;0;
281;2022.06.24 22:00;8;13.25;13;12.75;1511;202;0;
282;2022.06.24 22:15;8;13.25;12.8125;12.5625;1511;202;0;
283;2022.06.24 22:30;8;13.125;12.625;12.3125;1511;202;0;
284;2022.06.24 22:45;8;13.125;12.4375;12;1511;202;0;
285;2022.06.24 23:00;8;13.0625;12.25;11.75;1511;202;0;
286;2022.06.24 23:15;8;13;12.0625;11.375;1511;202;0;
287;2022.06.24 23:30;8;13;11.875;11.125;1511;202;0;
288;2022.06.24 23:45;8;12.9375;11.6875;10.8125;1511;202;0;
289;2022.06.25 00:00;8;12.875;11.5;10.5;1511;202;0;
290;2022.06.25 00:15;8;12.875;11.375;10.4375;1512;202;0;
291;2022.06.25 00:30;8;12.75;11.25;10.375;1510;202;0;
292;2022.06.25 00:45;8;12.75;11.125;10;1510;202;0;
293;2022.06.25 01:00;8;12.6875;11;10;1510;202;0;
294;2022.06.25 01:15;8;12.625;10.875;9.75;1510;202;0;
295;2022.06.25 01:30;8;12.625;10.75;9.6875;1510;202;0;
296;2022.06.25 01:45;8;12.5625;10.625;9.6875;1511;202;0;
297;2022.06.25 02:00;8;12.5;10.625;9.5625;1511;202;0;
298;2022.06.25 02:15;8;12.5;10.5;9.5625;1511;202;0;
299;2022.06.25 02:30;8;12.4375;10.5;9.625;1512;202;0;
300;2022.06.25 02:45;8;12.375;10.5625;9.9375;1512;202;0;
301;2022.06.25 03:00;8;12.375;10.6875;10.3125;1512;202;0;
302;2022.06.25 03:15;8;12.375;10.875;10.75;1513;202;0;
303;2022.06.25 03:30;8;12.3125;11;11.125;1513;202;0;
304;2022.06.25 03:45;8;12.25;11.25;11.5;1510;202;0;
305;2022.06.25 04:00;8;12.25;11.4375;11.875;1510;202;0;
306;2022.06.25 04:15;8;12.25;11.75;12.375;1511;202;0;
307;2022.06.25 04:30;8;12.1875;12;13;1511;202;0;
308;2022.06.25 04:45;8;12.1875;12.375;13.75;1511;202;0;
309;2022.06.25 05:00;8;12.125;12.75;14.375;1512;202;0;
310;2022.06.25 05:15;8;12.125;13.1875;15.25;1512;202;0;
311;2022.06.25 05:30;8;12.125;13.625;16;1512;202;0;
312;2022.06.25 05:45;8;12.125;14;16.5;1512;202;0;
313;2022.06.25 06:00;8;12.1875;14.5;17.5;1512;202;0;
314;2022.06.25 06:15;8;12.125;15.25;19.75;1512;202;0;
315;2022.06.25 06:30;8;12.1875;16.25;21.75;1512;202;0;
316;2022.06.25 06:45;8;12.1875;17;21.6875;1512;202;0;
317;2022.06.25 07:00;8;12.25;17.125;21.125;1511;202;0;
318;2022.06.25 07:15;8;12.25;17.3125;21.375;1510;202;0;
319;2022.06.25 07:30;8;12.3125;17.75;21.875;1510;202;0;
320;2022.06.25 07:45;8;12.375;17.875;21.875;1510;202;0;
321;2022.06.25 08:00;8;12.375;18;22.25;1509;202;0;
322;2022.06.25 08:15;8;12.4375;18.375;23;1509;202;0;
323;2022.06.25 08:30;8;12.5;19;23.75;1509;202;0;
324;2022.06.25 08:45;8;12.5;19.5;24.5;1509;202;0;
325;2022.06.25 09:00;8;12.5;20.75;25.375;1510;202;0;
326;2022.06.25 09:15;8;12.625;20.875;25.4375;1507;202;0;
327;2022.06.25 09:30;8;12.625;21;26.0625;1507;202;0;
328;2022.06.25 09:45;8;12.75;22.625;28.375;1508;202;0;
329;2022.06.25 10:00;8;12.75;26.8125;33.125;1512;202;0;
330;2022.06.25 10:15;8;12.875;29.625;35;1516;202;0;
331;2022.06.25 10:30;8;12.9375;30.3125;33.625;1518;202;0;
332;2022.06.25 10:45;8;13.125;27;29.375;1514;202;0;
333;2022.06.25 11:00;8;13.25;25.875;30.0625;1511;202;0;
334;2022.06.25 11:15;8;13.375;29.4375;34.75;1515;202;0;
335;2022.06.25 11:30;8;13.4375;31.875;36.875;1514;202;0;
336;2022.06.25 11:45;8;13.5625;32;37;1513;202;0;
337;2022.06.25 12:00;8;13.6875;32.25;36.9375;1514;202;0;
338;2022.06.25 12:15;8;13.8125;32.375;35.6875;1514;202;0;
339;2022.06.25 12:30;8;13.9375;33.375;36.1875;1515;202;0;
340;2022.06.25 12:45;8;14.0625;33.125;37.125;1514;202;0;
341;2022.06.25 13:00;8;14.1875;34.25;37.5;1515;202;0;
342;2022.06.25 13:15;8;14.3125;36.25;39.1875;1517;202;0;
343;2022.06.25 13:30;8;14.4375;37.375;39.375;1519;202;0;
344;2022.06.25 13:45;8;14.5625;37.75;39.625;1520;202;0;
345;2022.06.25 14:00;8;14.6875;36.9375;37.5;1519;202;0;
346;2022.06.25 14:15;8;14.875;33.75;34.125;1514;202;0;
347;2022.06.25 14:30;8;14.9375;30.25;31;1509;202;0;
348;2022.06.25 14:45;8;15;27.75;29.25;1505;202;0;
349;2022.06.25 15:00;8;15;26.0625;28.25;1502;202;0;
350;2022.06.25 15:15;8;15;25.375;28.25;1500;202;0;
351;2022.06.25 15:30;8;15;24.5;27.625;1498;202;0;
352;2022.06.25 15:45;8;15;24;27.5;1497;202;0;
353;2022.06.25 16:00;8;14.9375;23.625;27.1875;1496;202;0;
354;2022.06.25 16:15;8;14.875;23.0625;26.4375;1495;202;0;
355;2022.06.25 16:30;8;14.875;22.5;25.8125;1495;202;0;
356;2022.06.25 16:45;8;14.8125;22.125;25.875;1495;202;0;
357;2022.06.25 17:00;8;14.75;21.875;26.5;1494;202;0;
358;2022.06.25 17:15;8;14.75;21.625;25.375;1492;202;0;
359;2022.06.25 17:30;8;14.625;21.125;24.1875;1492;202;0;
360;2022.06.25 17:45;8;14.625;20.5625;23.1875;1488;202;0;
361;2022.06.25 18:00;8;14.625;20;22.375;1487;202;0;
362;2022.06.25 18:15;8;14.5;19.375;21.375;1486;202;0;
363;2022.06.25 18:30;8;14.5;18.875;20.5625;1486;202;0;
364;2022.06.25 18:45;8;14.5;18.375;19.75;1485;202;0;
365;2022.06.25 19:00;8;14.375;17.875;19;1484;202;0;
366;2022.06.25 19:15;8;14.375;17.375;18.4375;1484;202;0;
367;2022.06.25 19:30;8;14.25;16.9375;17.875;1484;202;0;
368;2022.06.25 19:45;8;14.25;16.5625;17.375;1483;202;0;
369;2022.06.25 20:00;8;14.1875;16.1875;16.75;1483;202;0;
370;2022.06.25 20:15;8;14.125;15.75;16.1875;1483;202;0;
371;2022.06.25 20:30;8;14.0625;15.375;15.5;1482;202;0;
372;2022.06.25 20:45;8;14;14.9375;15;1481;202;0;
373;2022.06.25 21:00;8;13.9375;14.5;14.25;1481;202;0;
374;2022.06.25 21:15;8;13.875;14.125;13.75;1481;202;0;
375;2022.06.25 21:30;8;13.875;13.8125;13.25;1480;202;0;
376;2022.06.25 21:45;8;13.75;13.5;13;1480;202;0;
377;2022.06.25 22:00;8;13.75;13.25;12.625;1480;202;0;
378;2022.06.25 22:15;8;13.625;13;12.25;1479;202;0;
379;2022.06.25 22:30;8;13.625;12.75;11.9375;1479;202;0;
380;2022.06.25 22:45;8;13.5;12.5;11.75;1479;202;0;
381;2022.06.25 23:00;8;13.5;12.3125;11.4375;1479;202;0;
382;2022.06.25 23:15;8;13.4375;12.125;11.25;1479;202;0;
383;2022.06.25 23:30;8;13.375;11.9375;11.0625;1479;202;0;
384;2022.06.25 23:45;8;13.3125;11.75;10.875;1479;202;0;
385;2022.06.26 00:00;8;13.25;11.625;10.75;1479;202;0;
386;2022.06.26 00:15;8;13.25;11.625;10.6875;1479;202;0;
387;2022.06.26 00:30;8;13.1875;11.5;10.5625;1480;202;0;
388;2022.06.26 00:45;8;13.125;11.375;10.5;1480;202;0;
389;2022.06.26 01:00;8;13.0625;11.375;10.5;1480;202;0;
390;2022.06.26 01:15;8;13;11.25;10.375;1480;202;0;
391;2022.06.26 01:30;8;13;11.25;10.375;1480;202;0;
392;2022.06.26 01:45;8;12.9375;11.1875;10.4375;1481;202;0;
393;2022.06.26 02:00;8;12.875;11.25;10.625;1481;202;0;
394;2022.06.26 02:15;8;12.875;11.25;10.75;1481;202;0;
395;2022.06.26 02:30;8;12.8125;11.375;10.875;1481;202;0;
396;2022.06.26 02:45;8;12.75;11.5;11.375;1481;202;0;
397;2022.06.26 03:00;8;12.75;11.625;11.75;1482;202;0;
398;2022.06.26 03:15;8;12.75;11.8125;12.125;1482;202;0;
399;2022.06.26 03:30;8;12.6875;12.125;13.0625;1482;202;0;
400;2022.06.26 03:45;8;12.6875;12.375;13.4375;1483;202;0;
401;2022.06.26 04:00;8;12.625;12.75;14.125;1483;202;0;
402;2022.06.26 04:15;8;12.625;13.125;14.6875;1483;202;0;
403;2022.06.26 04:30;8;12.625;13.5;15.3125;1484;202;0;
404;2022.06.26 04:45;8;12.625;13.875;15.875;1484;202;0;
405;2022.06.26 05:00;8;12.625;14.3125;16.4375;1484;202;0;
406;2022.06.26 05:15;8;12.625;14.75;17;1484;202;0;
407;2022.06.26 05:30;8;12.625;15.125;17.5;1484;202;0;
408;2022.06.26 05:45;8;12.625;15.5;18.1875;1483;202;0;
409;2022.06.26 06:00;8;12.625;16;19.0625;1483;202;0;
410;2022.06.26 06:15;8;12.625;16.6875;21.125;1483;202;0;
411;2022.06.26 06:30;8;12.6875;17.625;23.25;1483;202;0;
412;2022.06.26 06:45;8;12.6875;18.375;23.625;1484;202;0;
413;2022.06.26 07:00;8;12.75;18.625;23.0625;1484;202;0;
414;2022.06.26 07:15;8;12.75;18.875;23.25;1484;202;0;
415;2022.06.26 07:30;8;12.8125;19.25;23.625;1484;202;0;
416;2022.06.26 07:45;8;12.875;19.375;23.875;1483;202;0;
417;2022.06.26 08:00;8;12.875;19.625;24.3125;1483;202;0;
418;2022.06.26 08:15;8;13;19.875;24.8125;1483;202;0;
419;2022.06.26 08:30;8;13;20.5;25.625;1483;202;0;
420;2022.06.26 08:45;8;13.0625;21.125;26.5;1483;202;0;
421;2022.06.26 09:00;8;13.125;22.25;27.25;1484;202;0;
422;2022.06.26 09:15;8;13.125;22.5;27.375;1485;202;0;
423;2022.06.26 09:30;8;13.25;22.75;28.0625;1484;202;0;
424;2022.06.26 09:45;8;13.25;24.0625;29.875;1485;202;0;
425;2022.06.26 10:00;8;13.375;28.25;34.8125;1490;202;0;
426;2022.06.26 10:15;8;13.375;31.375;36.875;1495;202;0;
427;2022.06.26 10:30;8;13.5;32;36.25;1496;202;0;
428;2022.06.26 10:45;8;13.625;28.6875;31.25;1493;202;0;
429;2022.06.26 11:00;8;13.8125;27.5;32.1875;1489;202;0;
430;2022.06.26 11:15;8;13.875;30.75;37;1492;202;0;
431;2022.06.26 11:30;8;14;33;38.5;1496;202;0;
432;2022.06.26 11:45;8;14.125;33.125;38.125;1496;202;0;
433;2022.06.26 12:00;8;14.25;33.25;38.25;1496;202;0;
434;2022.06.26 12:15;8;14.375;33.875;37.875;1499;202;0;
435;2022.06.26 12:30;8;14.5;34.875;38.1875;1501;202;0;
436;2022.06.26 12:45;8;14.625;34.875;39.3125;1500;202;0;
437;2022.06.26 13:00;8;14.75;35.25;38.5;1500;202;0;
438;2022.06.26 13:15;8;14.875;36.9375;40.375;1501;202;0;
439;2022.06.26 13:30;8;15;37.5625;39.6875;1502;202;0;
440;2022.06.26 13:45;8;15.125;38.4375;41.9375;1503;202;0;
441;2022.06.26 14:00;8;15.25;37.875;38;1502;202;0;
442;2022.06.26 14:15;8;15.3125;34.875;35.375;1497;202;0;
443;2022.06.26 14:30;8;15.4375;31.5;32.375;1491;202;0;
444;2022.06.26 14:45;8;15.5;29.25;30.9375;1485;202;0;
445;2022.06.26 15:00;8;15.5;27.5;29.625;1481;202;0;
446;2022.06.26 15:15;8;15.5;26.75;29.625;1480;202;0;
447;2022.06.26 15:30;8;15.5;26.125;29.5;1478;202;0;
448;2022.06.26 15:45;8;15.5;25.5;28.75;1477;202;0;
449;2022.06.26 16:00;8;15.4375;25.25;29;1476;202;0;
450;2022.06.26 16:15;8;15.375;24.875;28.625;1475;202;0;
451;2022.06.26 16:30;8;15.375;24.625;28.625;1474;202;0;
452;2022.06.26 16:45;8;15.3125;24.25;28.0625;1473;202;0;
453;2022.06.26 17:00;8;15.25;23.75;27.6875;1472;202;0;
454;2022.06.26 17:15;8;15.25;23.875;28.25;1473;202;0;
455;2022.06.26 17:30;8;15.25;23.6875;27.6875;1472;202;0;
456;2022.06.26 17:45;8;15.1875;23.5;27.375;1471;202;0;
457;2022.06.26 18:00;8;15.125;23.125;26.375;1470;202;0;
458;2022.06.26 18:15;8;15.125;22.25;24.625;1469;202;0;
459;2022.06.26 18:30;8;15.125;21.375;23.3125;1467;202;0;
460;2022.06.26 18:45;8;15.0625;20.625;22.375;1466;202;0;
461;2022.06.26 19:00;8;15;20;21.5625;1465;202;0;
462;2022.06.26 19:15;8;15;19.4375;21;1464;202;0;
463;2022.06.26 19:30;8;14.875;18.9375;20.3125;1463;202;0;
464;2022.06.26 19:45;8;14.875;18.375;19.5;1462;202;0;
465;2022.06.26 20:00;8;14.8125;17.875;18.5625;1461;202;0;
466;2022.06.26 20:15;8;14.75;17.375;17.9375;1460;202;0;
467;2022.06.26 20:30;8;14.75;16.875;17.375;1458;202;0;
468;2022.06.26 20:45;8;14.625;16.5;16.875;1457;202;0;
469;2022.06.26 21:00;8;14.625;16.125;16.3125;1456;202;0;
470;2022.06.26 21:15;8;14.5;15.75;15.875;1455;202;0;
471;2022.06.26 21:30;8;14.5;15.4375;15.5;1454;202;0;
472;2022.06.26 21:45;8;14.375;15.125;15.1875;1454;202;0;
473;2022.06.26 22:00;8;14.375;14.875;14.875;1453;202;0;
474;2022.06.26 22:15;8;14.25;14.6875;14.625;1450;202;0;
475;2022.06.26 22:30;8;14.25;14.5;14.375;1450;202;0;
476;2022.06.26 22:45;8;14.1875;14.25;14.125;1449;202;0;
477;2022.06.26 23:00;8;14.125;14.125;13.875;1449;202;0;
478;2022.06.26 23:15;8;14.0625;13.9375;13.8125;1449;202;0;
479;2022.06.26 23:30;8;14;13.8125;13.625;1449;202;0;
480;2022.06.26 23:45;8;14;13.625;13.375;1449;202;0;
481;2022.06.27 00:00;8;13.875;13.5;13.25;1449;202;0;
482;2022.06.27 00:15;8;13.875;13.375;13.125;1449;202;0;
483;2022.06.27 00:30;8;13.8125;13.3125;13.125;1448;202;0;
484;2022.06.27 00:45;8;13.75;13.1875;12.9375;1448;202;0;
485;2022.06.27 01:00;8;13.75;13.125;12.875;1448;202;0;
486;2022.06.27 01:15;8;13.6875;13;12.875;1448;202;0;
487;2022.06.27 01:30;8;13.625;13;12.75;1448;202;0;
488;2022.06.27 01:45;8;13.625;12.9375;12.875;1448;202;0;
489;2022.06.27 02:00;8;13.5625;12.9375;12.875;1448;202;0;
490;2022.06.27 02:15;8;13.5;12.9375;13;1448;202;0;
491;2022.06.27 02:30;8;13.5;13;13.0625;1448;202;0;
492;2022.06.27 02:45;8;13.4375;13;13.25;1447;202;0;
493;2022.06.27 03:00;8;13.375;13.125;13.5;1448;202;0;
494;2022.06.27 03:15;8;13.375;13.25;14;1448;202;0;
495;2022.06.27 03:30;8;13.375;13.5;14.5;1448;202;0;
496;2022.06.27 03:45;8;13.375;13.75;15.125;1448;202;0;
497;2022.06.27 04:00;8;13.3125;14.125;15.8125;1448;202;0;
498;2022.06.27 04:15;8;13.3125;14.4375;16.125;1449;202;0;
499;2022.06.27 04:30;8;13.25;14.875;17;1449;202;0;
500;2022.06.27 04:45;8;13.25;15.375;17.5625;1448;202;0;
501;2022.06.27 05:00;8;13.25;15.75;18.1875;1448;202;0;
502;2022.06.27 05:15;8;13.25;16.25;18.875;1449;202;0;
503;2022.06.27 05:30;8;13.25;16.625;19.3125;1449;202;0;
504;2022.06.27 05:45;8;13.25;17.125;19.8125;1449;202;0;
505;2022.06.27 06:00;8;13.3125;17.5;20.75;1449;202;0;
506;2022.06.27 06:15;8;13.3125;18.25;22.375;1451;202;0;
507;2022.06.27 06:30;8;13.375;19.125;24.75;1451;202;0;
508;2022.06.27 06:45;8;13.375;19.875;25.25;1452;202;0;
509;2022.06.27 07:00;8;13.375;20.1875;24.875;1452;202;0;
510;2022.06.27 07:15;8;13.5;20.4375;25.0625;1452;202;0;
511;2022.06.27 07:30;8;13.5;20.875;25.5;1452;202;0;
512;2022.06.27 07:45;8;13.5625;20.875;25.375;1452;202;0;
513;2022.06.27 08:00;8;13.625;21;25.5;1452;202;0;
514;2022.06.27 08:15;8;13.625;21.25;26.1875;1452;202;0;
515;2022.06.27 08:30;8;13.75;21.75;26.8125;1452;202;0;
516;2022.06.27 08:45;8;13.75;22.4375;27.9375;1452;202;0;
517;2022.06.27 09:00;8;13.8125;23.75;29;1454;202;0;
518;2022.06.27 09:15;8;13.875;24.0625;29;1454;202;0;
519;2022.06.27 09:30;8;13.875;24.25;29.6875;1454;202;0;
520;2022.06.27 09:45;8;14;25.375;31.25;1455;202;0;
521;2022.06.27 10:00;8;14;29;34.625;1459;202;0;
522;2022.06.27 10:15;8;14.125;31.375;36;1463;202;0;
523;2022.06.27 10:30;8;14.25;31.25;35;1462;202;0;
524;2022.06.27 10:45;8;14.375;28.4375;30.625;1459;202;0;
525;2022.06.27 11:00;8;14.5;26.875;29.6875;1456;202;0;
526;2022.06.27 11:15;8;14.5;25.75;28.25;1453;202;0;
527;2022.06.27 11:30;8;14.625;25.625;29.125;1453;202;0;
528;2022.06.27 11:45;8;14.625;28.25;35.25;1455;202;0;
529;2022.06.27 12:00;8;14.6875;31.1875;37.625;1459;202;0;
530;2022.06.27 12:15;8;14.75;29.5;32.9375;1457;202;0;
531;2022.06.27 12:30;8;14.875;33.5;39.125;1461;202;0;
532;2022.06.27 12:45;8;14.9375;32.25;35.5;1460;202;0;
533;2022.06.27 13:00;8;15;31.25;33.25;1459;202;0;
534;2022.06.27 13:15;8;15.125;29.25;30.875;1455;202;0;
535;2022.06.27 13:30;8;15.1875;32;36.875;1456;202;0;
536;2022.06.27 13:45;8;15.25;35.375;40.1875;1461;202;0;
537;2022.06.27 14:00;8;15.375;36.75;38.9375;1463;202;0;
538;2022.06.27 14:15;8;15.4375;32.875;33.0625;1458;202;0;
539;2022.06.27 14:30;8;15.5;30.375;31.75;1441;202;0;
540;2022.06.27 14:45;8;15.625;28.875;31.4375;1438;202;0;
541;2022.06.27 15:00;8;15.625;28.0625;31.125;1435;202;0;
542;2022.06.27 15:15;8;15.625;27.875;31.5;1434;202;0;
543;2022.06.27 15:30;8;15.625;27.25;30.75;1433;202;0;
544;2022.06.27 15:45;8;15.625;26.625;30.25;1432;202;0;
545;2022.06.27 16:00;8;15.625;25.875;29.5;1427;202;0;
546;2022.06.27 16:15;8;15.625;25.25;28.625;1426;202;0;
547;2022.06.27 16:30;8;15.625;24.625;28;1425;202;0;
548;2022.06.27 16:45;8;15.5625;24.125;27.75;1424;202;0;
549;2022.06.27 17:00;8;15.5;23.75;28;1424;202;0;
550;2022.06.27 17:15;8;15.5;23.5;27.5;1423;202;0;
551;2022.06.27 17:30;8;15.4375;23.125;26.375;1426;202;0;
552;2022.06.27 17:45;8;15.375;22.4375;25.125;1427;202;0;
553;2022.06.27 18:00;8;15.375;21.875;24.4375;1426;202;0;
554;2022.06.27 18:15;8;15.375;21.375;23.625;1426;202;0;
555;2022.06.27 18:30;8;15.3125;20.875;22.875;1426;202;0;
556;2022.06.27 18:45;8;15.25;20.375;22.125;1426;202;0;
557;2022.06.27 19:00;8;15.25;19.875;21.625;1425;202;0;
558;2022.06.27 19:15;8;15.1875;19.5;21.125;1424;202;0;
559;2022.06.27 19:30;8;15.125;19.125;20.5;1424;202;0;
560;2022.06.27 19:45;8;15.0625;18.6875;19.9375;1422;202;0;
561;2022.06.27 20:00;8;15;18.25;19.4375;1416;202;0;
562;2022.06.27 20:15;8;15;18;19.25;1414;202;0;
563;2022.06.27 20:30;8;14.9375;17.75;18.8125;1414;202;0;
564;2022.06.27 20:45;8;14.875;17.375;18.25;1413;202;0;
565;2022.06.27 21:00;8;14.8125;17;17.75;1411;202;0;
566;2022.06.27 21:15;8;14.75;16.6875;17.375;1410;202;0;
567;2022.06.27 21:30;8;14.75;16.375;16.75;1410;202;0;
568;2022.06.27 21:45;8;14.625;16;16.375;1409;202;0;
569;2022.06.27 22:00;8;14.625;15.75;16;1409;202;0;
570;2022.06.27 22:15;8;14.5625;15.5625;15.8125;1408;202;0;
571;2022.06.27 22:30;8;14.5;15.375;15.6875;1408;202;0;
572;2022.06.27 22:45;8;14.5;15.25;15.5;1408;202;0;
573;2022.06.27 23:00;8;14.375;15.0625;15.25;1407;202;0;
574;2022.06.27 23:15;8;14.375;14.875;15.0625;1407;202;0;
575;2022.06.27 23:30;8;14.3125;14.75;14.875;1407;202;0;
576;2022.06.27 23:45;8;14.25;14.625;14.625;1407;202;0;
577;2022.06.28 00:00;8;14.25;14.375;14.375;1406;202;0;
578;2022.06.28 00:15;8;14.1875;14.25;14.1875;1405;202;0;
579;2022.06.28 00:30;8;14.125;14.25;14.375;1405;202;0;
580;2022.06.28 00:45;8;14.125;14.25;14.375;1405;202;0;
581;2022.06.28 01:00;8;14.0625;14.25;14.375;1405;202;0;
582;2022.06.28 01:15;8;14;14.1875;14.375;1405;202;0;
583;2022.06.28 01:30;8;14;14.125;14.25;1405;202;0;
584;2022.06.28 01:45;8;13.9375;14.0625;14.25;1404;202;0;
585;2022.06.28 02:00;8;13.9375;14.0625;14.3125;1404;202;0;
586;2022.06.28 02:15;8;13.875;14.125;14.625;1404;202;0;
587;2022.06.28 02:30;8;13.875;14.25;14.875;1404;202;0;
588;2022.06.28 02:45;8;13.875;14.375;15.125;1404;202;0;
589;2022.06.28 03:00;8;13.8125;14.5;15.4375;1404;202;0;
590;2022.06.28 03:15;8;13.75;14.6875;15.75;1404;202;0;
591;2022.06.28 03:30;8;13.75;14.875;16.25;1404;202;0;
592;2022.06.28 03:45;8;13.75;15.125;16.75;1405;202;0;
593;2022.06.28 04:00;8;13.75;15.5;17.25;1405;202;0;
594;2022.06.28 04:15;8;13.75;15.75;17.75;1405;202;0;
595;2022.06.28 04:30;8;13.75;16.25;18.5;1405;202;0;
596;2022.06.28 04:45;8;13.75;16.75;19.25;1406;202;0;
597;2022.06.28 05:00;8;13.75;17.25;20;1406;202;0;
598;2022.06.28 05:15;8;13.75;17.75;20.75;1406;202;0;
599;2022.06.28 05:30;8;13.75;18.25;21.625;1407;202;0;
600;2022.06.28 05:45;8;13.75;18.625;22;1407;202;0;
601;2022.06.28 06:00;8;13.75;19.125;22.75;1407;202;0;
602;2022.06.28 06:15;8;13.8125;19.8125;24.5;1408;202;0;
603;2022.06.28 06:30;8;13.875;20.625;25.875;1408;202;0;
604;2022.06.28 06:45;8;13.875;21.5625;26.625;1409;202;0;
605;2022.06.28 07:00;8;13.9375;21.6875;26.1875;1409;202;0;
606;2022.06.28 07:15;8;14;21.75;26.1875;1409;202;0;
607;2022.06.28 07:30;8;14;22.1875;26.75;1409;202;0;
608;2022.06.28 07:45;8;14.0625;22.375;27.125;1409;202;0;
609;2022.06.28 08:00;8;14.125;22.625;27.625;1409;202;0;
610;2022.06.28 08:15;8;14.1875;23;28.25;1409;202;0;
611;2022.06.28 08:30;8;14.25;23.75;29.0625;1409;202;0;
612;2022.06.28 08:45;8;14.25;24.75;30.5;1410;202;0;
613;2022.06.28 09:00;8;14.375;25.6875;30.3125;1411;202;0;
614;2022.06.28 09:15;8;14.375;25.625;29.625;1411;202;0;
615;2022.06.28 09:30;8;14.5;25.625;29.9375;1410;202;0;
616;2022.06.28 09:45;8;14.5;27.3125;33.0625;1411;202;0;
617;2022.06.28 10:00;8;14.625;29.125;34.125;1413;202;0;
618;2022.06.28 10:15;8;14.6875;30.625;34.375;1415;202;0;
619;2022.06.28 10:30;8;14.75;30.625;34.5625;1415;202;0;
620;2022.06.28 10:45;8;14.875;29.6875;32.375;1414;202;0;
621;2022.06.28 11:00;8;15;29.125;33.625;1412;202;0;
622;2022.06.28 11:15;8;15.125;28.5;31.4375;1411;202;0;
623;2022.06.28 11:30;8;15.125;29.6875;33.125;1412;202;0;
624;2022.06.28 11:45;8;15.25;29.375;34;1410;202;0;
625;2022.06.28 12:00;8;15.25;31.875;38;1413;202;0;
626;2022.06.28 12:15;8;15.375;32.1875;35.1875;1414;202;0;
627;2022.06.28 12:30;8;15.4375;30.25;32.5;1411;202;0;
628;2022.06.28 12:45;8;15.5;31.625;34.8125;1412;202;0;
629;2022.06.28 13:00;8;15.625;32.625;36.5625;1412;202;0;
630;2022.06.28 13:15;8;15.6875;36;39.5625;1416;202;0;
631;2022.06.28 13:30;8;15.75;37.875;40.875;1419;202;0;
632;2022.06.28 13:45;8;15.875;37.75;39.375;1419;202;0;
633;2022.06.28 14:00;8;16;37.5;37.125;1418;202;0;
634;2022.06.28 14:15;8;16.125;35.0625;35.25;1414;202;0;
635;2022.06.28 14:30;8;16.1875;31.75;31.8125;1409;202;0;
636;2022.06.28 14:45;8;16.25;29.1875;29.875;1404;202;0;
637;2022.06.28 15:00;8;16.25;27.9375;29.75;1401;202;0;
638;2022.06.28 15:15;8;16.25;27.875;30.875;1400;202;0;
639;2022.06.28 15:30;8;16.25;27.6875;30.5;1399;202;0;
640;2022.06.28 15:45;8;16.1875;26.75;29;1398;202;0;
641;2022.06.28 16:00;8;16.1875;26.375;29.125;1397;202;0;
642;2022.06.28 16:15;8;16.125;26;28.6875;1396;202;0;
643;2022.06.28 16:30;8;16.125;25.25;27.6875;1394;202;0;
644;2022.06.28 16:45;8;16.0625;24.5;27;1392;202;0;
645;2022.06.28 17:00;8;16;23.75;25.875;1390;202;0;
646;2022.06.28 17:15;8;16;23.125;25.375;1389;202;0;
647;2022.06.28 17:30;8;15.9375;22.625;24.75;1388;202;0;
648;2022.06.28 17:45;8;15.875;22.25;24.25;1388;202;0;
649;2022.06.28 18:00;8;15.875;21.8125;23.875;1387;202;0;
650;2022.06.28 18:15;8;15.8125;21.375;23.25;1386;202;0;
651;2022.06.28 18:30;8;15.75;20.875;22.625;1385;202;0;
652;2022.06.28 18:45;8;15.6875;20.5;22.125;1384;202;0;
653;2022.06.28 19:00;8;15.625;20.0625;21.625;1383;202;0;
654;2022.06.28 19:15;8;15.625;19.5625;20.75;1382;202;0;
655;2022.06.28 19:30;8;15.5;19.1875;20.375;1381;202;0;
656;2022.06.28 19:45;8;15.5;19.0625;20.75;1381;202;0;
657;2022.06.28 20:00;8;15.4375;19;20.625;1380;202;0;
658;2022.06.28 20:15;8;15.375;18.625;19.8125;1380;202;0;
659;2022.06.28 20:30;8;15.375;18.25;19.375;1379;202;0;
660;2022.06.28 20:45;8;15.25;18;19;1378;202;0;
661;2022.06.28 21:00;8;15.25;17.75;18.875;1378;202;0;
662;2022.06.28 21:15;8;15.125;17.6875;19.125;1377;202;0;
663;2022.06.28 21:30;8;15.125;17.5625;19;1377;202;0;
664;2022.06.28 21:45;8;15.0625;17.5;18.9375;1377;202;0;
665;2022.06.28 22:00;8;15;17.375;18.9375;1376;202;0;
666;2022.06.28 22:15;8;15;17.375;18.9375;1376;202;0;
667;2022.06.28 22:30;8;14.9375;17.375;18.9375;1376;202;0;
668;2022.06.28 22:45;8;14.875;17.1875;18.5;1375;202;0;
669;2022.06.28 23:00;8;14.875;17;18.125;1375;202;0;
670;2022.06.28 23:15;8;14.8125;16.875;18.0625;1374;202;0;
671;2022.06.28 23:30;8;14.75;16.8125;18.125;1374;202;0;
672;2022.06.28 23:45;8;14.75;16.625;17.8125;1373;202;0;
673;2022.06.29 00:00;8;14.75;16.625;17.8125;1373;202;0;
674;2022.06.29 00:15;8;14.6875;16.4375;17.375;1372;202;0;
675;2022.06.29 00:30;8;14.625;16.25;17;1372;202;0;
676;2022.06.29 00:45;8;14.625;16;16.875;1371;202;0;
677;2022.06.29 01:00;8;14.5625;16;17.0625;1371;202;0;
678;2022.06.29 01:15;8;14.5;15.9375;17;1371;202;0;
679;2022.06.29 01:30;8;14.5;15.75;16.625;1370;202;0;
680;2022.06.29 01:45;8;14.5;15.625;16.375;1370;202;0;
681;2022.06.29 02:00;8;14.4375;15.625;16.5625;1369;202;0;
682;2022.06.29 02:15;8;14.4375;15.625;16.625;1369;202;0;
683;2022.06.29 02:30;8;14.375;15.75;16.8125;1369;202;0;
684;2022.06.29 02:45;8;14.375;15.875;17.125;1369;202;0;
685;2022.06.29 03:00;8;14.375;15.875;17;1369;202;0;
686;2022.06.29 03:15;8;14.3125;15.9375;17.125;1368;202;0;
687;2022.06.29 03:30;8;14.3125;16;17.25;1367;202;0;
688;2022.06.29 03:45;8;14.25;16.25;17.6875;1367;202;0;
689;2022.06.29 04:00;8;14.25;16.4375;17.9375;1367;202;0;
690;2022.06.29 04:15;8;14.25;16.5;18.0625;1367;202;0;
691;2022.06.29 04:30;8;14.25;16.625;18.1875;1367;202;0;
692;2022.06.29 04:45;8;14.25;16.875;18.5;1367;202;0;
693;2022.06.29 05:00;8;14.25;17;18.8125;1366;202;0;
694;2022.06.29 05:15;8;14.25;17.25;19.25;1366;202;0;
695;2022.06.29 05:30;8;14.25;17.625;19.75;1367;202;0;
696;2022.06.29 05:45;8;14.25;17.875;20.25;1367;202;0;
697;2022.06.29 06:00;8;14.25;18.3125;20.9375;1367;202;0;
698;2022.06.29 06:15;8;14.25;18.9375;22.375;1367;202;0;
699;2022.06.29 06:30;8;14.25;19.8125;24.125;1368;202;0;
700;2022.06.29 06:45;8;14.25;20.5;24.25;1368;202;0;
701;2022.06.29 07:00;8;14.3125;20.625;23.75;1368;202;0;
702;2022.06.29 07:15;8;14.375;20.875;23.9375;1368;202;0;
703;2022.06.29 07:30;8;14.375;21.25;24.375;1368;202;0;
704;2022.06.29 07:45;8;14.375;21.375;24.5625;1368;202;0;
705;2022.06.29 08:00;8;14.4375;21.5625;24.875;1367;202;0;
706;2022.06.29 08:15;8;14.5;21.9375;25.375;1367;202;0;
707;2022.06.29 08:30;8;14.5;22.625;26.5;1367;202;0;
708;2022.06.29 08:45;8;14.5625;23.25;27.25;1368;202;0;
709;2022.06.29 09:00;8;14.625;24.375;28.375;1369;202;0;
710;2022.06.29 09:15;8;14.625;25.125;29.375;1369;202;0;
711;2022.06.29 09:30;8;14.75;25.4375;29.25;1369;202;0;
712;2022.06.29 09:45;8;14.75;25.625;28.8125;1369;202;0;
713;2022.06.29 10:00;8;14.875;25.6875;27.75;1369;202;0;
714;2022.06.29 10:15;8;14.875;29.3125;32.125;1372;202;0;
715;2022.06.29 10:30;8;15;26.125;25.25;1369;202;0;
716;2022.06.29 10:45;8;15.0625;23.8125;23.1875;1365;202;0;
717;2022.06.29 11:00;8;15.125;23.625;24.5;1363;202;0;
718;2022.06.29 11:15;8;15.1875;25.5;28.4375;1365;202;0;
719;2022.06.29 11:30;8;15.25;27.5;31.25;1368;202;0;
720;2022.06.29 11:45;8;15.25;29.8125;34.5625;1370;202;0;
721;2022.06.29 12:00;8;15.375;31.5;35.8125;1372;202;0;
722;2022.06.29 12:15;8;15.5;33;36.125;1374;202;0;
723;2022.06.29 12:30;8;15.625;34.4375;36.875;1376;202;0;
724;2022.06.29 12:45;8;15.75;34.75;38;1376;202;0;
725;2022.06.29 13:00;8;15.875;34.25;34.25;1375;202;0;
726;2022.06.29 13:15;8;16;34.875;36.125;1373;202;0;
727;2022.06.29 13:30;8;16.125;37;38.1875;1375;202;0;
728;2022.06.29 13:45;8;16.25;37.875;38.625;1376;202;0;
729;2022.06.29 14:00;8;16.375;37.5625;37.0625;1374;202;0;
730;2022.06.29 14:15;8;16.4375;34.875;33.25;1370;202;0;
731;2022.06.29 14:30;8;16.5;31.4375;30.625;1364;202;0;
732;2022.06.29 14:45;8;16.5625;29;29.125;1359;202;0;
733;2022.06.29 15:00;8;16.5625;27.375;28.0625;1355;202;0;
734;2022.06.29 15:15;8;16.5;26.5;27.9375;1353;202;0;
735;2022.06.29 15:30;8;16.5;25.75;27.5;1351;202;0;
736;2022.06.29 15:45;8;16.4375;25.125;27.0625;1349;202;0;
737;2022.06.29 16:00;8;16.375;24.5625;26.625;1348;202;0;
738;2022.06.29 16:15;8;16.375;24;26;1346;202;0;
739;2022.06.29 16:30;8;16.25;23.5;25.5;1345;202;0;
740;2022.06.29 16:45;8;16.25;23.0625;25.25;1344;202;0;
741;2022.06.29 17:00;8;16.125;22.8125;25.5625;1343;202;0;
742;2022.06.29 17:15;8;16.125;22.5;24.9375;1342;202;0;
743;2022.06.29 17:30;8;16;22;23.9375;1341;202;0;
744;2022.06.29 17:45;8;16;21.5;23;1339;202;0;
745;2022.06.29 18:00;8;15.9375;20.875;22.125;1338;202;0;
746;2022.06.29 18:15;8;15.875;20.4375;21.5;1337;202;0;
747;2022.06.29 18:30;8;15.875;20.25;21.5;1335;202;0;
748;2022.06.29 18:45;8;15.75;19.625;20.375;1334;202;0;
749;2022.06.29 19:00;8;15.75;19;19.4375;1333;202;0;
750;2022.06.29 19:15;8;15.625;18.375;18.625;1331;202;0;
751;2022.06.29 19:30;8;15.5625;17.8125;17.875;1330;202;0;
752;2022.06.29 19:45;8;15.5;17.3125;17.375;1329;202;0;
753;2022.06.29 20:00;8;15.4375;16.875;16.8125;1328;202;0;
754;2022.06.29 20:15;8;15.375;16.5;16.5;1327;202;0;
755;2022.06.29 20:30;8;15.3125;16.375;16.5;1327;202;0;
756;2022.06.29 20:45;8;15.25;16.125;16.1875;1326;202;0;
757;2022.06.29 21:00;8;15.1875;15.75;15.625;1325;202;0;
758;2022.06.29 21:15;8;15.125;15.5625;15.5625;1324;202;0;
759;2022.06.29 21:30;8;15.0625;15.4375;15.625;1324;202;0;
760;2022.06.29 21:45;8;15;15.25;15.375;1323;202;0;
761;2022.06.29 22:00;8;14.9375;15.1875;15.5;1323;202;0;
762;2022.06.29 22:15;8;14.875;15.125;15.625;1322;202;0;
763;2022.06.29 22:30;8;14.875;15;15.25;1322;202;0;
764;2022.06.29 22:45;8;14.8125;14.8125;14.875;1321;202;0;
765;2022.06.29 23:00;8;14.75;14.625;14.5;1320;202;0;
766;2022.06.29 23:15;8;14.6875;14.375;14.25;1320;202;0;
767;2022.06.29 23:30;8;14.625;14.125;13.9375;1319;202;0;
768;2022.06.29 23:45;8;14.625;14;13.75;1319;202;0;
769;2022.06.30 00:00;8;14.5625;13.9375;13.875;1318;202;0;
770;2022.06.30 00:15;8;14.5;13.875;14.125;1318;202;0;
771;2022.06.30 00:30;8;14.5;13.875;14.125;1317;202;0;
772;2022.06.30 00:45;8;14.4375;13.875;14.125;1317;202;0;
773;2022.06.30 01:00;8;14.375;13.75;13.875;1316;202;0;
774;2022.06.30 01:15;8;14.375;13.625;13.625;1316;202;0;
775;2022.06.30 01:30;8;14.3125;13.5;13.375;1315;202;0;
776;2022.06.30 01:45;8;14.25;13.375;13.125;1315;202;0;
777;2022.06.30 02:00;8;14.25;13.25;12.875;1314;202;0;
778;2022.06.30 02:15;8;14.1875;13.125;12.75;1314;202;0;
779;2022.06.30 02:30;8;14.125;13.125;12.9375;1313;202;0;
780;2022.06.30 02:45;8;14.125;13.1875;13.0625;1313;202;0;
781;2022.06.30 03:00;8;14.125;13.3125;13.375;1313;202;0;
782;2022.06.30 03:15;8;14.0625;13.5;13.75;1313;202;0;
783;2022.06.30 03:30;8;14;13.625;14.25;1313;202;0;
784;2022.06.30 03:45;8;14;13.875;14.625;1313;202;0;
785;2022.06.30 04:00;8;14;14.125;15.1875;1312;202;0;
786;2022.06.30 04:15;8;14;14.5;15.75;1312;202;0;
787;2022.06.30 04:30;8;13.9375;14.875;16.375;1313;202;0;
788;2022.06.30 04:45;8;13.875;15.25;16.75;1312;202;0;
789;2022.06.30 05:00;8;13.9375;15.625;17.5;1312;202;0;
790;2022.06.30 05:15;8;13.9375;16.0625;18.1875;1312;202;0;
791;2022.06.30 05:30;8;13.9375;16.4375;18.625;1313;202;0;
792;2022.06.30 05:45;8;14;16.875;19.3125;1312;202;0;
793;2022.06.30 06:00;8;14;17.3125;20;1312;202;0;
794;2022.06.30 06:15;8;14;18;21.625;1313;202;0;
795;2022.06.30 06:30;8;14;18.9375;23.75;1313;202;0;
796;2022.06.30 06:45;8;14;19.75;24.25;1314;202;0;
797;2022.06.30 07:00;8;14.0625;20.0625;23.875;1314;202;0;
798;2022.06.30 07:15;8;14.125;20.1875;23.75;1313;202;0;
799;2022.06.30 07:30;8;14.125;20.625;24.25;1313;202;0;
800;2022.06.30 07:45;8;14.1875;20.6875;24.375;1312;202;0;
801;2022.06.30 08:00;8;14.25;20.875;24.875;1312;202;0;
802;2022.06.30 08:15;8;14.25;21.375;25.75;1311;202;0;
803;2022.06.30 08:30;8;14.3125;22;26.5;1311;202;0;
804;2022.06.30 08:45;8;14.375;22.625;27.5;1312;202;0;
805;2022.06.30 09:00;8;14.375;23.8125;28.25;1312;202;0;
806;2022.06.30 09:15;8;14.4375;24.125;28.375;1312;202;0;
807;2022.06.30 09:30;8;14.5;24.3125;28.75;1311;202;0;
808;2022.06.30 09:45;8;14.5625;25.1875;30;1311;202;0;
809;2022.06.30 10:00;8;14.625;29.375;34.6875;1315;202;0;
810;2022.06.30 10:15;8;14.6875;33.25;37.9375;1321;202;0;
811;2022.06.30 10:30;8;14.8125;32.0625;34.75;1319;202;0;
812;2022.06.30 10:45;8;15;30;32;1316;202;0;
813;2022.06.30 11:00;8;15.125;28.3125;31.875;1312;202;0;
814;2022.06.30 11:15;8;15.1875;31;35.875;1313;202;0;
815;2022.06.30 11:30;8;15.25;33.625;38.25;1316;202;0;
816;2022.06.30 11:45;8;15.375;34.75;39.25;1317;202;0;
817;2022.06.30 12:00;8;15.5;35.125;38.5625;1317;202;0;
818;2022.06.30 12:15;8;15.625;35.9375;38.3125;1317;202;0;
819;2022.06.30 12:30;8;15.75;37;38;1317;202;0;
820;2022.06.30 12:45;8;15.875;36.625;38.125;1316;202;0;
821;2022.06.30 13:00;8;16;37.75;39.5;1316;202;0;
822;2022.06.30 13:15;8;16.125;39.875;41.1875;1318;202;0;
823;2022.06.30 13:30;8;16.25;40.875;41;1318;202;0;
824;2022.06.30 13:45;8;16.375;41;41.5625;1317;202;0;
825;2022.06.30 14:00;8;16.5;40.25;39.125;1315;202;0;
826;2022.06.30 14:15;8;16.625;37.125;35.375;1310;202;0;
827;2022.06.30 14:30;8;16.625;32.875;31.625;1303;202;0;
828;2022.06.30 14:45;8;16.6875;29.9375;30.0625;1296;202;0;
829;2022.06.30 15:00;8;16.6875;28;29;1291;202;0;
830;2022.06.30 15:15;8;16.625;27;28.75;1288;202;0;
831;2022.06.30 15:30;8;16.5625;26.25;28.375;1286;202;0;
832;2022.06.30 15:45;8;16.5;25.5;28.0625;1284;202;0;
833;2022.06.30 16:00;8;16.375;25;27.75;1282;202;0;
834;2022.06.30 16:15;8;16.375;24.4375;27;1280;202;0;
835;2022.06.30 16:30;8;16.25;23.8125;26.375;1278;202;0;
836;2022.06.30 16:45;8;16.1875;23.3125;26.125;1277;202;0;
837;2022.06.30 17:00;8;16.125;23.125;26.75;1275;202;0;
838;2022.06.30 17:15;8;16.0625;22.9375;25.875;1274;202;0;
839;2022.06.30 17:30;8;16;22.375;24.625;1273;202;0;
840;2022.06.30 17:45;8;15.9375;21.75;23.5;1271;202;0;
841;2022.06.30 18:00;8;15.875;21.0625;22.625;1269;202;0;
842;2022.06.30 18:15;8;15.8125;20.4375;21.75;1268;202;0;
843;2022.06.30 18:30;8;15.75;19.875;21.25;1266;202;0;
844;2022.06.30 18:45;8;15.6875;19.3125;20.125;1264;202;0;
845;2022.06.30 19:00;8;15.625;18.625;19;1263;202;0;
846;2022.06.30 19:15;8;15.5625;17.9375;18.0625;1261;202;0;
847;2022.06.30 19:30;8;15.5;17.3125;17.25;1260;202;0;
848;2022.06.30 19:45;8;15.375;16.75;16.5;1258;202;0;
849;2022.06.30 20:00;8;15.375;16.125;15.6875;1257;202;0;
850;2022.06.30 20:15;8;15.25;15.5625;14.75;1255;202;0;
851;2022.06.30 20:30;8;15.1875;15;14.0625;1254;202;0;
852;2022.06.30 20:45;8;15.125;14.5;13.5625;1253;202;0;
853;2022.06.30 21:00;8;15;14;12.875;1251;202;0;
854;2022.06.30 21:15;8;15;13.625;12.375;1250;202;0;
855;2022.06.30 21:30;8;14.875;13.25;12;1249;202;0;
856;2022.06.30 21:45;8;14.8125;12.8125;11.375;1248;202;0;
857;2022.06.30 22:00;8;14.75;12.5;11.1875;1247;202;0;
858;2022.06.30 22:15;8;14.625;12.25;11.0625;1247;202;0;
859;2022.06.30 22:30;8;14.625;12.125;11;1246;202;0;
860;2022.06.30 22:45;8;14.5;12;11;1246;202;0;
861;2022.06.30 23:00;8;14.5;11.9375;11.0625;1245;202;0;
862;2022.06.30 23:15;8;14.375;11.875;10.9375;1245;202;0;
863;2022.06.30 23:30;8;14.375;11.8125;10.875;1244;202;0;
864;2022.06.30 23:45;8;14.25;11.75;10.9375;1244;202;0;
